タグ,投稿数
#日記,"1,566,792"
#エッセイ,"665,477"
#写真,"559,867"
#毎日note,"414,382"
#イラスト,"380,505"
#小説,"356,660"
#コラム,"319,602"
#マンガ,"228,732"
#音楽,"191,954"
#毎日更新,"191,819"
#ビジネス,"169,933"
#詩,"165,576"
#note,"155,699"
#絵,"132,766"
#人生,"121,033"
#スキしてみて,"119,977"
#仕事,"119,219"
#毎日投稿,"115,653"
#いま私にできること,"114,869"
#日常,"108,683"
#子育て,"108,488"
#ブログ,"100,927"
#読書,"97,434"
#恋愛,"94,291"
#映画,"94,196"
#大学生,"92,219"
#競艇予想屋,"89,009"
#自己紹介,"84,619"
#漫画,"81,363"
#育児,"78,659"
#生き方,"77,479"
#note毎日更新,"76,806"
#猫,"74,527"
#新型コロナウイルス,"73,724"
#つぶやき,"73,701"
#オリジナル,"72,370"
#おうち時間を工夫で楽しく,"71,961"
#ダイエット,"70,187"
#ラジオ,"69,957"
#音声配信,"68,130"
#youtube,"65,955"
#習慣にしていること,"65,275"
#料理,"63,336"
#教育,"61,751"
#アート,"60,625"
#予想,"60,599"
#デザイン,"59,986"
#副業,"59,791"
#ゲーム,"58,962"
#動画,"58,527"
#ライフスタイル,"58,316"
#短編小説,"58,135"
#投資,"57,369"
#本,"57,255"
#言葉,"57,207"
#地方競馬予想,"56,989"
#旅,"54,646"
#競輪予想,"54,479"
#健康,"54,312"
#読書感想文,"53,838"
#起業,"53,280"
#英語,"52,366"
#旅行,"52,302"
#雑記,"51,509"
#創作,"49,570"
#夢,"47,823"
#私の仕事,"47,770"
#お金,"46,535"
#マーケティング,"45,397"
#ショートショート,"44,526"
#人間関係,"44,352"
#幸せ,"44,174"
#勉強,"43,576"
#フリーランス,"43,155"
#心理学,"42,443"
#自己啓発,"42,191"
#ポエム,"40,886"
#スピリチュアル,"40,824"
#ひとりごと,"40,681"
#万舟,"40,526"
#家族,"40,359"
#コミュニケーション,"40,280"
#哲学,"40,002"
#転職,"39,504"
#考え方,"39,049"
#ボートレース予想,"38,971"
#就活,"38,017"
#生活,"37,929"
#海外生活,"37,704"
#筋トレ,"36,805"
#中央競馬予想,"36,101"
#ギャンブル,"35,599"
#サッカー,"35,562"
#海外,"35,503"
#私のイチオシ,"35,413"
#占い,"35,147"
#とは,"34,830"
#的中,"34,803"
#4コマ漫画,"34,161"
#短歌,"33,674"
#花,"33,284"
#感謝,"32,637"
#note初心者,"32,502"
#ファッション,"32,320"
#働き方,"32,131"
#SNS,"31,536"
#DTM,"31,470"
#スポーツ,"31,417"
#note書き初め,"30,011"
#英語学習,"29,817"
#カメラ,"29,558"
#Twitter,"29,171"
#思い出,"28,907"
#ライター,"28,866"
#現代詩,"28,572"
#コーチング,"28,274"
#心,"27,738"
#アニメ,"27,584"
#海外旅行,"27,492"
#悩み,"27,351"
#HSP,"27,312"
#ゆたかさって何だろう,"27,235"
#コロナ,"26,937"
#愛,"26,056"
#グルメ,"25,888"
#メンタル,"25,763"
#自分と向き合う,"25,344"
#映画レビュー,"25,315"
#推薦図書,"24,948"
#ありがとう,"24,911"
#経営,"24,805"
#結婚,"24,662"
#東京,"24,646"
#思考,"24,618"
#発達障害,"24,494"
#留学,"23,857"
#コンテンツ会議,"23,641"
#連載小説,"23,464"
#カフェ,"23,424"
#プログラミング,"23,355"
#趣味,"23,337"
#COMEMO,"23,296"
#感想,"23,295"
#写真好きな人と繋がりたい,"23,280"
#学び,"23,188"
#夫婦,"23,016"
#成長,"22,912"
#自由詩,"22,877"
#photo,"22,810"
#ねこ,"22,796"
#空,"22,629"
#ギター,"22,477"
#競輪,"22,392"
#コミックエッセイ,"22,242"
#習慣,"22,156"
#映画感想,"22,126"
#夏,"22,002"
#子ども,"21,720"
#コーヒー,"21,657"
#犬,"21,458"
#イベント,"21,435"
#経済,"20,989"
#おうち時間,"20,901"
#お笑い,"20,892"
#自己肯定感,"20,800"
#買ってよかったもの,"20,726"
#リモートワーク,"20,642"
#生きる,"20,515"
#キャリア,"20,356"
#高校生,"20,183"
#学校,"20,168"
#スタートアップ,"20,071"
#絵本,"20,068"
#アメリカ,"20,037"
#継続,"20,001"
#ピアノ,"19,946"
#文章,"19,880"
#うつ病,"19,831"
#京都,"19,805"
#短編,"19,794"
#暮らし,"19,518"
#ハンドメイド,"19,444"
#自然,"19,397"
#散歩,"19,394"
#歴史,"19,205"
#自分,"19,203"
#アウトプット,"19,143"
#目標,"19,053"
#美容,"19,013"
#毎日,"18,895"
#挑戦,"18,853"
#クリスマス,"18,703"
#レシピ,"18,686"
#noteのつづけ方,"18,685"
#社会人,"18,517"
#介護,"18,277"
#株,"18,269"
#日本,"18,125"
#挑戦している君へ,"18,119"
#勝負レース,"18,115"
#JRA,"17,962"
#うつ,"17,841"
#海,"17,722"
#ART,"17,666"
#俳句,"17,660"
#ヨガ,"17,584"
#婚活,"17,513"
#子供,"17,508"
#物語,"17,459"
#ニュース,"17,434"
#カメラのたのしみ方,"17,391"
#ネットビジネス,"17,313"
#記録,"17,294"
#名言,"17,281"
#noteでよかったこと,"17,258"
#初投稿,"17,116"
#沖縄,"17,072"
#書評,"17,001"
#トレーニング,"16,922"
#資産運用,"16,847"
#中国,"16,824"
#大井競馬予想,"16,631"
#ライブ,"16,624"
#食事,"16,622"
#絵日記,"16,541"
#illustration,"16,395"
#未来,"16,230"
#メモ,"16,163"
#北海道,"16,135"
#営業,"16,091"
#恋,"15,960"
#写真日記,"15,913"
#瞑想,"15,896"
#つくるのはたのしい,"15,879"
#株式投資,"15,796"
#競馬女子,"15,772"
#価値観,"15,689"
#誕生日,"15,577"
#癒し,"15,355"
#ストレス,"15,326"
#大学生ブログ,"15,252"
#川崎競馬,"15,241"
#サラリーマン,"15,192"
#感情,"15,175"
#歌詞,"15,063"
#学生,"15,037"
#仮想通貨,"15,036"
#ビジネススキル,"15,008"
#競馬予想中,"14,951"
#気づき,"14,946"
#万馬券予想,"14,925"
#社会,"14,858"
#政治,"14,851"
#AI,"14,816"
#東京競馬予想,"14,804"
#おすすめ本,"14,782"
#朝活,"14,769"
#旅行記,"14,767"
#演劇,"14,734"
#今日のつぶやき,"14,718"
#Vtuber,"14,705"
#育児日記,"14,682"
#独り言,"14,617"
#はたらくを自由に,"14,604"
#西野亮廣エンタメ研究所,"14,534"
#経営者,"14,531"
#秋,"14,506"
#宇宙,"14,468"
#ファンタジー,"14,449"
#動物,"14,407"
#芸術,"14,369"
#初心者,"14,349"
#渋谷のラジオ,"14,294"
#文学,"14,268"
#アイドル,"14,247"
#野球,"14,164"
#友達,"14,161"
#読書日記,"14,120"
#恋愛小説,"14,112"
#大学,"14,099"
#競馬場,"14,063"
#ミッドナイト競輪,"13,977"
#時間,"13,901"
#youtube動画,"13,890"
#ランニング,"13,866"
#園田競馬,"13,786"
#1000日チャレンジ,"13,782"
#イラストレーター,"13,712"
#エッセイ漫画,"13,651"
#バンド,"13,617"
#競艇投資,"13,606"
#競馬はロマン,"13,480"
#人生を変えた出会い,"13,443"
#オンライン,"13,361"
#コミュニティ,"13,356"
#就職活動,"13,310"
#阪神競馬予想,"13,284"
#鬱,"13,245"
#備忘録,"13,207"
#人生哲学,"13,139"
#エンジニア,"13,105"
#ドラマ,"13,025"
#イベントレポ,"13,007"
#出会い,"12,970"
#エンタメ,"12,961"
#行動,"12,926"
#ラーメン,"12,891"
#作曲,"12,886"
#ショートストーリー,"12,851"
#テレワーク,"12,844"
#不安,"12,748"
#ADHD,"12,711"
#連載,"12,672"
#インタビュー,"12,665"
#読書記録,"12,615"
#コロナに負けるな,"12,585"
#掌編小説,"12,585"
#桜,"12,531"
#成功,"12,428"
#アラサー,"12,396"
#テクノロジー,"12,379"
#在宅ワーク,"12,318"
#雑談,"12,270"
#体験談,"12,264"
#noteの書き方,"12,231"
#一人旅,"12,187"
#Jリーグ,"12,142"
#デザイナー,"12,075"
#ライフハック,"12,013"
#ネコ,"12,012"
#大阪,"11,963"
#散文,"11,957"
#睡眠,"11,946"
#ポジティブ,"11,932"
#4コマ,"11,929"
#マインドフルネス,"11,913"
#好き,"11,846"
#カレー,"11,844"
#馬券,"11,767"
#タロット,"11,759"
#マネジメント,"11,735"
#田舎暮らし,"11,727"
#おすすめ,"11,722"
#会社,"11,715"
#やさしさにふれて,"11,695"
#小学生,"11,672"
#レビュー,"11,665"
#女性,"11,661"
#船橋競馬,"11,654"
#整体,"11,629"
#振り返り,"11,621"
#大学受験,"11,618"
#これからの仕事術,"11,610"
#メンタルヘルス,"11,606"
#プロ野球,"11,604"
#看護師,"11,601"
#music,"11,587"
#歌,"11,539"
#弾き語り,"11,500"
#SF,"11,451"
#ランチ,"11,400"
#不登校,"11,373"
#風景,"11,337"
#雨,"11,333"
#2020年,"11,327"
#川崎競馬予想,"11,311"
#オンラインサロン,"11,298"
#飲食店,"11,217"
#建築,"11,130"
#おうちごはん,"11,125"
#浦和競馬,"11,118"
#春,"11,099"
#仕事術,"11,095"
#潜在意識,"11,091"
#運動,"11,079"
#自由,"11,078"
#自己分析,"11,054"
#クリエイター,"11,053"
#中山競馬予想,"11,052"
#自分らしさ,"11,030"
#メッセージ,"11,002"
#モチベーション,"11,000"
#Instagram,"10,991"
#働き方改革,"10,984"
#競馬好き,"10,983"
#広告,"10,963"
#超短編小説,"10,960"
#万馬券,"10,956"
#舟券,"10,941"
#競馬初心者,"10,938"
#カウンセリング,"10,917"
#夢日記,"10,904"
#404美術館,"10,887"
#双極性障害,"10,875"
#競馬好きな人と繋がりたい,"10,853"
#競馬投資,"10,800"
#独立,"10,788"
#まんが,"10,779"
#考えたこと,"10,763"
#cakesコンテスト,"10,733"
#LGBT,"10,733"
#人生観,"10,725"
#高知競馬,"10,719"
#競馬ファイナンス,"10,705"
#フランス,"10,704"
#競艇確率,"10,687"
#英会話,"10,687"
#受験,"10,641"
#園田競馬予想,"10,636"
#パパの子育て,"10,626"
#読書の秋2020,"10,610"
#激アツレース,"10,596"
#断捨離,"10,584"
#競馬新聞,"10,511"
#美容師,"10,407"
#ZOOM,"10,399"
#理学療法士,"10,366"
#毎日更新倶楽部,"10,360"
#note映画部,"10,347"
#ダイエット日記,"10,314"
#食,"10,313"
#農業,"10,310"
#Amazon,"10,299"
#マスク,"10,284"
#ボート予想,"10,268"
#移住,"10,254"
#随筆,"10,215"
#あなたに出会えてよかった,"10,159"
#神社,"10,140"
#鬼滅の刃,"10,066"
#台湾,"10,051"
#競馬ファン,"10,048"
#西洋占星術,"10,028"
#福岡,"9,993"
#お弁当,"9,990"
#マインド,"9,980"
#SDGs,"9,978"
#韓国,"9,972"
#楽しい,"9,934"
#競馬ブログ,"9,904"
#クラウドファンディング,"9,902"
#採用,"9,899"
#競馬大好き,"9,879"
#笑顔,"9,878"
#コロナウイルス,"9,852"
#お金について考える,"9,849"
#妊娠,"9,835"
#勉強法,"9,828"
#親子,"9,818"
#旅日記,"9,793"
#医療,"9,766"
#IT,"9,761"
#Webデザイン,"9,749"
#リモートオフィス,"9,692"
#スマホ,"9,690"
#無料,"9,668"
#MUP,"9,624"
#朗読,"9,618"
#失敗,"9,610"
#花写真,"9,610"
#精神疾患,"9,603"
#お酒,"9,585"
#冬,"9,561"
#努力,"9,530"
#セックス,"9,527"
#大学生日記,"9,521"
#子育て日記,"9,510"
#チャレンジ,"9,473"
#やりたいこと,"9,473"
#ワーママ,"9,463"
#ペット,"9,461"
#学校教育,"9,450"
#自炊,"9,444"
#猫写真,"9,420"
#恋愛コラム,"9,350"
#外出自粛,"9,346"
#女の子,"9,336"
#人間,"9,331"
#好きなことを仕事にする,"9,328"
#テレビ,"9,312"
#ノンフィクション,"9,285"
#はじめまして,"9,273"
#人事,"9,252"
#ママ,"9,244"
#京都競馬予想,"9,242"
#nikkei,"9,242"
#アイデア,"9,233"
#起業家,"9,183"
#イラストエッセイ,"9,155"
#朝,"9,117"
#タイ,"9,082"
#引き寄せ,"9,075"
#アプリ,"9,071"
#気持ち,"9,067"
#コミックエッセイ大賞,"9,060"
#youtuber,"9,036"
#オーストラリア,"9,035"
#考察,"9,004"
#オリジナル小説,"8,958"
#FXトレード,"8,956"
#オリジナル曲,"8,949"
#iphone,"8,924"
#青春,"8,908"
#電子書籍,"8,894"
#イタリア,"8,877"
#日常生活,"8,875"
#植物,"8,856"
#現代アート,"8,851"
#ミニマリスト,"8,841"
#生きづらさ,"8,840"
#ベンチャー,"8,836"
#中学生,"8,814"
#観光,"8,806"
#記憶,"8,785"
#キャラクター,"8,752"
#マインドセット,"8,734"
#夏休み,"8,704"
#企画,"8,692"
#ブランディング,"8,690"
#アフィリエイト,"8,676"
#ドイツ,"8,633"
#japan,"8,619"
#心理,"8,611"
#ワイン,"8,601"
#ロック,"8,597"
#ビール,"8,591"
#詩のようなもの,"8,577"
#MUPウサギクラス,"8,558"
#4コママンガ,"8,535"
#メディア,"8,524"
#病気,"8,502"
#海外留学,"8,492"
#不動産,"8,492"
#変化,"8,477"
#在宅勤務,"8,464"
#習慣化,"8,456"
#イギリス,"8,433"
#個人事業主,"8,418"
#プログラミング初心者,"8,402"
#自転車,"8,399"
#情報,"8,394"
#自分の人生,"8,382"
#新卒,"8,317"
#ビットコイン,"8,311"
#スイーツ,"8,294"
#過去,"8,284"
#舟券予想,"8,282"
#世界一周,"8,276"
#美術,"8,272"
#ごはん,"8,245"
#書くこと,"8,239"
#言葉の力,"8,227"
#絵画,"8,215"
#新型コロナウイルス対策,"8,210"
#LINE,"8,186"
#夜,"8,150"
#為替,"8,136"
#母,"8,097"
#失恋,"8,078"
#お菓子,"8,055"
#noteはじめました,"8,050"
#勝負馬券,"8,038"
#手作り,"8,036"
#自由律俳句,"8,026"
#ダンス,"8,026"
#インド,"8,016"
#赤ちゃん,"8,015"
#海外移住,"7,973"
#舞台,"7,973"
#現代短歌,"7,964"
#イラストレーション,"7,932"
#住之江競艇,"7,927"
#毒親,"7,914"
#死,"7,906"
#数学,"7,898"
#先生,"7,891"
#アーティスト,"7,880"
#SNSマーケティング,"7,877"
#主婦,"7,874"
#プレゼント,"7,847"
#離婚,"7,838"
#考察コラム,"7,829"
#転職活動,"7,797"
#呟き,"7,791"
#会話,"7,761"
#バックパッカー,"7,756"
#雲,"7,726"
#みんなのフォトギャラリー,"7,725"
#芸人,"7,707"
#かわいい,"7,672"
#ヒーリング,"7,670"
#麻雀,"7,661"
#月,"7,659"
#簡単レシピ,"7,657"
#出産,"7,657"
#自己成長,"7,620"
#アラフォー,"7,612"
#副業収入,"7,583"
#落書き,"7,580"
#フィルムカメラ,"7,541"
#フォロー,"7,538"
#ネットラジオ,"7,531"
#クリエイティブ,"7,528"
#はたらくってなんだろう,"7,517"
#ニューヨーク,"7,516"
#世界,"7,492"
#python,"7,482"
#働く,"7,480"
#応援したいスポーツ,"7,459"
#就活生,"7,444"
#研究,"7,436"
#リハビリ,"7,421"
#写真家,"7,400"
#妄想,"7,399"
#作詞,"7,392"
#渋谷,"7,386"
#おはよう,"7,381"
#脳科学,"7,375"
#万車,"7,370"
#トレード,"7,369"
#ビジネス書,"7,361"
#netflix,"7,359"
#新潟競馬予想,"7,351"
#名古屋,"7,344"
#船橋競馬予想,"7,333"
#フード,"7,328"
#節約,"7,323"
#COVID19,"7,313"
#kindle,"7,307"
#手紙,"7,290"
#ライティング,"7,286"
#休日,"7,275"
#ヨーロッパ,"7,269"
#南関競馬,"7,266"
#音楽レビュー,"7,266"
#Nikon,"7,263"
#ポートレート,"7,249"
#一人暮らし,"7,244"
#浦和競馬予想,"7,241"
#ご飯,"7,237"
#一度は行きたいあの場所,"7,218"
#いじめ,"7,218"
#占い師,"7,217"
#読書メモ,"7,210"
#自殺,"7,194"
#酒,"7,192"
#自信,"7,188"
#洋楽,"7,164"
#ワークショップ,"7,160"
#予想屋,"7,156"
#自分軸,"7,143"
#マラソン,"7,119"
#ポッドキャスト,"7,118"
#cakesコンテスト2020,"7,099"
#マッチングアプリ,"7,097"
#札幌,"7,091"
#保育園,"7,086"
#英語勉強,"7,084"
#練習,"7,065"
#厳選予想,"7,052"
#ギャンブル予想,"7,052"
#孤独,"7,019"
#退職,"7,014"
#日本酒,"7,011"
#デート,"7,004"
#表現,"6,998"
#幸せになる方法,"6,991"
#ベトナム,"6,979"
#無職,"6,949"
#野菜,"6,943"
#大村競艇,"6,938"
#学習,"6,936"
#格言,"6,927"
#稼ぐ,"6,926"
#不倫,"6,912"
#この街がすき,"6,899"
#思ったこと,"6,898"
#光,"6,889"
#相互フォロー,"6,885"
#紅葉,"6,885"
#カナダ,"6,870"
#ライブ配信,"6,867"
#名古屋競馬,"6,852"
#会社員,"6,834"
#穴予想,"6,826"
#キャンプ,"6,821"
#ツイッター,"6,806"
#美味しい,"6,795"
#環境,"6,757"
#旅する日本語,"6,746"
#パン,"6,745"
#経験,"6,736"
#女性起業家,"6,712"
#情報発信,"6,687"
#仲間,"6,678"
#boatrace,"6,676"
#アフターコロナ,"6,653"
#フォトグラファー,"6,634"
#ジャズ,"6,628"
#stayhome,"6,625"
#グラフィックデザイン,"6,625"
#みんなでつくる秋アルバム,"6,614"
#恋人,"6,611"
#今日は何の日,"6,608"
#家庭料理,"6,586"
#ことば,"6,583"
#高知競馬予想,"6,581"
#動画編集,"6,577"
#インターン,"6,569"
#TOEIC,"6,561"
#スキ,"6,561"
#音楽制作,"6,542"
#やる気,"6,538"
#好きなこと,"6,537"
#フォローお願いします,"6,529"
#門別競馬,"6,529"
#編集,"6,528"
#YouTubeチャンネル,"6,522"
#セミナー,"6,516"
#オンライン授業,"6,512"
#鳥,"6,510"
#女子大生,"6,491"
#馬券予想,"6,488"
#コンサル,"6,481"
#エネルギー,"6,475"
#継続は力なり,"6,474"
#DIY,"6,472"
#応援,"6,447"
#買い物,"6,442"
#長編小説,"6,442"
#お知らせ,"6,437"
#穴馬,"6,426"
#金融,"6,423"
#将棋,"6,409"
#手帳,"6,409"
#集客,"6,406"
#ポケモン,"6,389"
#地方創生,"6,382"
#パリ,"6,369"
#ワーホリ,"6,368"
#福島競馬予想,"6,352"
#芦屋競艇,"6,330"
#健康管理,"6,311"
#ドル円,"6,303"
#ニュースで語る,"6,300"
#メルカリ,"6,299"
#面接,"6,298"
#病院,"6,298"
#丸亀競艇,"6,296"
#私の不思議体験,"6,272"
#新社会人,"6,265"
#公開ダイエット,"6,253"
#ニート,"6,247"
#ナンバーズ,"6,242"
#no活,"6,236"
#プロフィール,"6,236"
#掃除,"6,213"
#食べ物,"6,202"
#webライター,"6,200"
#ネット副業,"6,198"
#シュール,"6,191"
#映画鑑賞,"6,187"
#ナンパ,"6,187"
#中京競馬予想,"6,185"
#オタク,"6,166"
#蒲郡競艇,"6,165"
#相談,"6,165"
#日常漫画,"6,149"
#文化,"6,141"
#飲食店経営,"6,120"
#Webマーケティング,"6,119"
#パーソナルトレーナー,"6,112"
#ポケカ,"6,106"
#アラフィフ,"6,093"
#登山,"6,083"
#ホテル,"6,083"
#徳山競艇,"6,081"
#今を生きる,"6,081"
#作家,"6,079"
#教師,"6,074"
#ハワイ,"6,074"
#想い,"6,062"
#noteおやつ部,"6,056"
#記事,"6,054"
#西野亮廣,"6,041"
#地方競馬場予想,"6,038"
#車,"6,035"
#ボードゲーム,"6,032"
#１日１エッセイ,"6,029"
#日本語,"6,027"
#ネガティブ,"6,026"
#小学校,"6,023"
#適応障害,"6,016"
#創作にドラマあり,"6,014"
#電車,"6,014"
#高校,"6,008"
#アラサー女子,"6,004"
#組織,"5,998"
#旅とわたし,"5,996"
#保護猫,"5,995"
#幸福,"5,965"
#公園,"5,958"
#本好き,"5,941"
#美容室,"5,941"
#オリジナルイラスト,"5,940"
#株投資,"5,921"
#パチンコ,"5,899"
#インスタ,"5,898"
#VR,"5,895"
#糖質制限,"5,883"
#大人,"5,879"
#多様性,"5,879"
#ファインダー越しの私の世界,"5,872"
#資格,"5,870"
#語学,"5,846"
#オラクルカード,"5,842"
#カップル,"5,840"
#福祉,"5,839"
#就職,"5,835"
#川柳,"5,828"
#らくがき,"5,816"
#緊急事態宣言,"5,806"
#LINEスタンプ,"5,801"
#希望,"5,799"
#家事,"5,795"
#息子,"5,777"
#人材育成,"5,773"
#リラックス,"5,771"
#出版,"5,765"
#ホラー,"5,763"
#ブログ更新,"5,756"
#温泉,"5,751"
#ストレッチ,"5,749"
#阪神競馬,"5,736"
#統合失調症,"5,735"
#翻訳,"5,725"
#バイト,"5,720"
#お笑い芸人,"5,719"
#ひとり旅,"5,718"
#シンガーソングライター,"5,717"
#鎌倉,"5,710"
#Design,"5,704"
#結婚式,"5,699"
#風景写真,"5,697"
#朝ごはん,"5,693"
#下関競艇,"5,688"
#仏教,"5,687"
#大人の発達障害,"5,684"
#性格,"5,681"
#夢を叶える,"5,679"
#タロット占い,"5,671"
#東京競馬,"5,662"
#インターネット,"5,651"
#認知症,"5,644"
#遊び,"5,644"
#コンテンツ,"5,626"
#podcast,"5,623"
#フィットネス,"5,618"
#四コマ漫画,"5,610"
#美術館,"5,610"
#20代,"5,602"
#勇気,"5,598"
#シングルマザー,"5,596"
#令和,"5,585"
#犬のいる暮らし,"5,583"
#愚痴,"5,574"
#お絵描き,"5,574"
#熟成下書き,"5,571"
#アダルトチルドレン,"5,569"
#万馬券当てたい,"5,564"
#まとめ,"5,564"
#ギャグ,"5,558"
#カルチャー,"5,550"
#こども,"5,542"
#徒然,"5,531"
#スナップ,"5,529"
#note感想文,"5,528"
#自分らしく生きる,"5,528"
#撮影,"5,528"
#メンヘラ,"5,518"
#apple,"5,516"
#ロードバイク,"5,515"
#アウトドア,"5,505"
#ビジネスモデル,"5,503"
#カードリーディング,"5,502"
#雑学,"5,499"
#科学,"5,490"
#中国語,"5,479"
#宗教,"5,474"
#思うこと,"5,472"
#eスポーツ,"5,463"
#ネットショップ,"5,461"
#妊活,"5,455"
#梅雨,"5,450"
#万舟券,"5,441"
#まいにち日記部,"5,437"
#女性の生き方,"5,428"
#意識,"5,421"
#新宿租界,"5,420"
#占星術,"5,411"
#インテリア,"5,405"
#家庭菜園,"5,398"
#note俳句部,"5,397"
#栄養,"5,396"
#人工知能,"5,396"
#勝負馬券予想,"5,392"
#競艇好きとつながりたい,"5,391"
#iPad,"5,390"
#落語,"5,383"
#闘病,"5,382"
#若松競艇,"5,381"
#モテ,"5,375"
#スペイン,"5,372"
#ジェンダー,"5,362"
#食生活,"5,352"
#開運,"5,325"
#アルバイト,"5,318"
#入院,"5,317"
#不妊治療,"5,315"
#データ分析,"5,310"
#新生活に向けて,"5,309"
#夏のオススメ,"5,306"
#今日の占い,"5,295"
#アパレル,"5,275"
#心の声,"5,259"
#HSP気質,"5,244"
#おやつ,"5,236"
#アナログ絵,"5,231"
#知識,"5,230"
#祈り,"5,229"
#tanka,"5,222"
#イノベーション,"5,219"
#雑感,"5,209"
#不動産投資,"5,205"
#2021年,"5,204"
#インプット,"5,195"
#新規事業,"5,190"
#私のお店,"5,186"
#思考法,"5,181"
#娘,"5,181"
#ASD,"5,164"
#米国株,"5,163"
#drawing,"5,151"
#FX初心者,"5,147"
#スキンケア,"5,141"
#笠松競馬,"5,134"
#オープン社内報,"5,124"
#レストラン,"5,123"
#掌編,"5,121"
#アニメ感想,"5,116"
#恋愛相談,"5,115"
#パニック障害,"5,115"
#ノウハウ,"5,113"
#モノクロ,"5,113"
#育休,"5,109"
#転売,"5,106"
#広島,"5,106"
#ハロウィン,"5,101"
#マンガ感想文,"5,097"
#中山競馬,"5,094"
#満月,"5,089"
#思想,"5,074"
#ブランド,"5,068"
#休職,"5,066"
#脱サラ,"5,058"
#居酒屋,"5,057"
#個性,"5,055"
#我が家のペット自慢,"5,053"
#片付け,"5,048"
#声優,"5,044"
#毎日更新がんばる,"5,041"
#田舎,"5,037"
#人,"5,035"
#ディズニー,"5,029"
#自粛,"5,012"
#ブロックチェーン,"5,012"
#戦略,"5,011"
#ワークライフバランス,"5,010"
#コンビニ,"5,007"
#保育士,"5,005"
#喫茶店,"5,003"
#奈良,"4,998"
#作品,"4,993"
#まちづくり,"4,991"
#目標設定,"4,991"
#パソコン,"4,987"
#創作漫画,"4,985"
#台風,"4,978"
#M5,"4,970"
#編集者,"4,969"
#着物,"4,969"
#国際結婚,"4,964"
#22卒,"4,957"
#ツインレイ,"4,953"
#夫婦関係,"4,934"
#キャリアコンサルタント,"4,928"
#風俗,"4,920"
#アナログ,"4,918"
#空写真,"4,906"
#リーダーシップ,"4,902"
#うさぎ,"4,897"
#命,"4,886"
#ものづくり,"4,882"
#考える,"4,879"
#雪,"4,874"
#横浜,"4,867"
#english,"4,860"
#フィルム写真,"4,842"
#ウォーキング,"4,839"
#インスタグラム,"4,839"
#朝食,"4,833"
#珈琲,"4,828"
#あつまれどうぶつの森,"4,827"
#部活,"4,821"
#ブラック企業,"4,820"
#成功法則,"4,819"
#ちゅうハヤ,"4,818"
#サウナ,"4,811"
#脚本,"4,811"
#引き寄せの法則,"4,805"
#MUPカレッジ,"4,804"
#言語化,"4,801"
#アドベントカレンダー,"4,800"
#英語教育,"4,799"
#神戸,"4,794"
#雑文,"4,792"
#選択,"4,791"
#感動,"4,790"
#目標達成,"4,789"
#筋肉,"4,788"
#メインレース,"4,783"
#メイク,"4,783"
#おしゃれ,"4,781"
#ケーキ,"4,781"
#鍼灸,"4,771"
#親,"4,770"
#複業,"4,761"
#平成最後の夏,"4,747"
#昭和,"4,744"
#自己実現,"4,743"
#こころ,"4,739"
#恋愛テクニック,"4,735"
#無料競艇予想,"4,734"
#リーダー,"4,732"
#自閉症スペクトラム,"4,730"
#フォロバ100,"4,728"
#コント,"4,727"
#社長,"4,716"
#新潟,"4,714"
#カラオケ,"4,709"
#散文詩,"4,705"
#ボランティア,"4,700"
#コスメ,"4,687"
#カメラマン,"4,683"
#香港,"4,677"
#彼女,"4,677"
#対話,"4,675"
#詩人,"4,668"
#キリスト教,"4,665"
#チョコレート,"4,659"
#Spotify,"4,651"
#釣り,"4,650"
#鉄道,"4,650"
#怒り,"4,649"
#連続投稿,"4,643"
#父,"4,639"
#神様,"4,639"
#本屋,"4,637"
#地球,"4,634"
#バイク,"4,632"
#オススメ,"4,630"
#ワクワク,"4,620"
#ラグビー,"4,620"
#セラピスト,"4,616"
#戦争,"4,612"
#最終レース,"4,611"
#新型コロナウィルス,"4,607"
#映像,"4,606"
#サーフィン,"4,604"
#HSS型HSP,"4,598"
#将来,"4,594"
#アフリカ,"4,593"
#マガジン,"4,591"
#三連単,"4,587"
#星読み,"4,585"
#ミッドナイト競輪予想,"4,584"
#京都競馬,"4,583"
#桐生競艇,"4,581"
#悩み相談,"4,579"
#可愛い,"4,557"
#note初投稿,"4,556"
#アドラー心理学,"4,556"
#海外旅行記,"4,548"
#パートナーシップ,"4,547"
#クラシック,"4,545"
#教員,"4,544"
#人間関係の悩み,"4,535"
#選挙,"4,531"
#UX,"4,530"
#オリジナルアクセサリー,"4,526"
#腰痛,"4,518"
#コロナ禍,"4,500"
#日々,"4,500"
#相場,"4,483"
#似顔絵,"4,481"
#元気,"4,480"
#ミステリー,"4,479"
#ナイターレース,"4,474"
#フィクション,"4,470"
#彼氏,"4,457"
#君のことばに救われた,"4,454"
#パスタ,"4,451"
#一次創作,"4,449"
#読書好きな人と繋がりたい,"4,448"
#青年海外協力隊,"4,436"
#優しさ,"4,435"
#門別競馬予想,"4,430"
#ネタ,"4,426"
#8月31日の夜に,"4,416"
#blog,"4,416"
#星占い,"4,412"
#札幌競馬予想,"4,411"
#ジャニーズ,"4,403"
#スキル,"4,400"
#アロマ,"4,399"
#日経COMEMO,"4,395"
#OL,"4,394"
#note弁当部,"4,393"
#2020年代の未来予想図,"4,390"
#食レポ,"4,384"
#函館競馬予想,"4,383"
#読書感想,"4,383"
#漫才,"4,381"
#好きなもの,"4,381"
#分析,"4,379"
#40代,"4,376"
#今日のメッセージ,"4,372"
#サークル,"4,371"
#開業,"4,366"
#薬剤師,"4,363"
#小説家になろう,"4,354"
#質問,"4,353"
#晩御飯,"4,352"
#ゲーム実況,"4,349"
#うつ状態,"4,348"
#せどり,"4,347"
#山,"4,347"
#地域,"4,345"
#平和,"4,343"
#テクニカル分析,"4,331"
#上司,"4,329"
#また乾杯しよう,"4,328"
#心理学をもっと身近に,"4,327"
#無料予想,"4,326"
#精神科,"4,326"
#文芸,"4,326"
#お金を稼ぐ,"4,325"
#アスリート,"4,323"
#引きこもり,"4,312"
#スケッチ,"4,311"
#宇宙の法則,"4,307"
#今私にできること,"4,297"
#ノート,"4,297"
#みんなでつくる冬アルバム,"4,289"
#行動力,"4,288"
#セルフケア,"4,277"
#時間の使い方,"4,271"
#実話,"4,266"
#メンズファッション,"4,265"
#poem,"4,265"
#ほぼ毎日note,"4,260"
#イベントレポート,"4,260"
#ジェイソン先生,"4,256"
#中学受験,"4,256"
#名古屋競馬予想,"4,248"
#シナリオ,"4,245"
#怪談,"4,245"
#ロンドン,"4,244"
#公営ギャンブル,"4,240"
#後悔,"4,234"
#フェミニズム,"4,234"
#チャネリング,"4,232"
#トラウマ,"4,230"
#企業,"4,225"
#BGM,"4,224"
#天然石,"4,219"
#身体,"4,218"
#減量,"4,218"
#ヨガインストラクター,"4,214"
#Google,"4,210"
#飲み会,"4,205"
#デジタル,"4,201"
#カイロプラクティック,"4,196"
#長崎,"4,192"
#ドラム,"4,192"
#名前の由来,"4,191"
#SEO,"4,191"
#広報,"4,186"
#友人,"4,171"
#テイクアウト,"4,169"
#メンタルトレーニング,"4,163"
#ベース,"4,163"
#子どもに教えられたこと,"4,158"
#４コマ,"4,157"
#副業の教科書,"4,155"
#運命,"4,155"
#風の時代,"4,149"
#note短歌部,"4,142"
#聖書,"4,134"
#共感,"4,132"
#クラシック音楽,"4,130"
#文章を書く,"4,125"
#妊婦,"4,122"
#作業療法士,"4,116"
#宝くじ,"4,111"
#気付き,"4,101"
#ドローイング,"4,097"
#思考の整理,"4,096"
#別れ,"4,096"
#俳優,"4,094"
#クラフトビール,"4,093"
#雑誌,"4,090"
#自分探し,"4,083"
#魂,"4,082"
#パーソナルトレーニング,"4,076"
#DJ,"4,073"
#100日チャレンジ,"4,065"
#社会問題,"4,064"
#日誌,"4,063"
#ワーキングホリデー,"4,063"
#モテる方法,"4,061"
#大学院,"4,060"
#集中力,"4,060"
#えんとつ町のプペル,"4,053"
#早起き,"4,050"
#マッサージ,"4,044"
#ハンドメイドアクセサリー,"4,044"
#紹介,"4,044"
#日本史,"4,038"
#バーチャルYouTuber,"4,036"
#新年,"4,035"
#年末,"4,034"
#価値,"4,034"
#物販ビジネス,"4,031"
#30代,"4,031"
#唐津競艇,"4,029"
#stay_at_home,"4,025"
#Illustrator,"4,025"
#フィリピン,"4,024"
#マネー,"4,023"
#最終レース予想,"4,019"
#withコロナ,"4,016"
#本質,"4,014"
#コピーライター,"4,011"
#ポケモンカード,"4,002"
#ひきこもり,"4,000"
#太陽,"4,000"
#noteクリエイター,"3,995"
#日経新聞,"3,993"
#新しい働き方,"3,991"
#服,"3,990"
#資格試験,"3,989"
#図書館,"3,989"
#言霊,"3,977"
#地方,"3,977"
#街,"3,976"
#直前予想,"3,972"
#才能,"3,972"
#管理栄養士,"3,970"
#水彩,"3,962"
#陸上競技,"3,961"
#人生論,"3,961"
#信頼,"3,960"
#KPOP,"3,959"
#書道,"3,959"
#パワハラ,"3,957"
#考え,"3,956"
#給付金をきっかけに,"3,953"
#コンプレックス,"3,953"
#夕焼け,"3,950"
#コーチ,"3,948"
#幼児教育,"3,947"
#BL,"3,944"
#コンサルタント,"3,933"
#虐待,"3,924"
#自粛生活,"3,923"
#チームビルディング,"3,922"
#イメージ,"3,922"
#営業マン,"3,921"
#ファンタジー小説,"3,910"
#生産性,"3,904"
#ゲイ,"3,903"
#面白い,"3,902"
#オーガニック,"3,900"
#本紹介,"3,894"
#アメリカ生活,"3,892"
#辛い,"3,892"
#flower,"3,891"
#前向き,"3,885"
#引っ越し,"3,883"
#カウンセラー,"3,882"
#Photography,"3,882"
#私のパートナー,"3,881"
#摂食障害,"3,879"
#色,"3,878"
#レポート,"3,875"
#差別,"3,872"
#ブロガー,"3,863"
#逆噴射プラクティス,"3,859"
#メインレース予想,"3,858"
#3連単,"3,858"
#stand_fm,"3,857"
#自己投資,"3,857"
#声,"3,856"
#怖い話,"3,853"
#二次創作,"3,852"
#飛行機,"3,850"
#猫がいる生活,"3,847"
#ジム,"3,837"
#環境問題,"3,835"
#バンコク,"3,833"
#受験生,"3,831"
#おはようございます,"3,829"
#高齢者,"3,823"
#Voicy,"3,822"
#jazz,"3,815"
#感謝の気持ち,"3,813"
#三国競艇,"3,811"
#精神,"3,811"
#有料note,"3,811"
#南関競馬予想,"3,810"
#竹花貴騎,"3,808"
#新宿,"3,807"
#機械学習,"3,803"
#しあわせ,"3,803"
#JRDB,"3,800"
#2019年,"3,799"
#効率化,"3,795"
#オリジナルキャラクター,"3,793"
#製作日記,"3,790"
#メイン,"3,789"
#投資家,"3,789"
#母親,"3,783"
#４コマ漫画,"3,781"
#facebook,"3,781"
#資金調達,"3,780"
#ミュージシャン,"3,778"
#G1,"3,776"
#コピック,"3,775"
#授業,"3,774"
#東大,"3,771"
#日本株,"3,770"
#バー,"3,770"
#蒲郡競艇予想,"3,768"
#浮気,"3,762"
#こんな学校あったらいいな,"3,759"
#ストーリー,"3,757"
#社会人1年目の私へ,"3,754"
#ライトノベル,"3,754"
#大学生活,"3,744"
#魚,"3,743"
#大人になったものだ,"3,741"
#キナリ杯,"3,738"
#免疫力,"3,738"
#エッセー,"3,738"
#障害者,"3,735"
#紫陽花,"3,729"
#モデル,"3,729"
#思い,"3,727"
#バスケ,"3,724"
#人生の生き方,"3,722"
#日経225先物デイトレード,"3,721"
#超ショートショート,"3,720"
#呼吸,"3,718"
#佐賀競馬,"3,714"
#プレゼン,"3,707"
#地域活性化,"3,707"
#あの夏に乾杯,"3,701"
#21卒,"3,700"
#展示,"3,700"
#ポケカ記事,"3,696"
#塾,"3,692"
#GoToキャンペーン,"3,691"
#書籍,"3,689"
#楽器,"3,689"
#あつ森,"3,687"
#フリーザスタイル,"3,680"
#デジタルマーケティング,"3,679"
#パワーストーン,"3,668"
#海外ドラマ,"3,665"
#スタバ,"3,665"
#鉄板軸馬,"3,660"
#一日一絵,"3,659"
#ファスティング,"3,656"
#水彩画,"3,656"
#中小企業,"3,650"
#FUJIFILM,"3,647"
#エッセイマンガ,"3,642"
#アイス,"3,636"
#ロボット,"3,626"
#コスプレ,"3,613"
#毎日日記,"3,612"
#青空,"3,611"
#片思い,"3,606"
#ナンバーズ４,"3,604"
#高配当,"3,602"
#国内旅行,"3,601"
#幼稚園,"3,598"
#東南アジア,"3,597"
#Tシャツ,"3,596"
#女,"3,595"
#ネタバレ,"3,593"
#ボディメイク,"3,590"
#告知,"3,588"
#新潟競馬,"3,587"
#パチスロ,"3,584"
#星,"3,581"
#マレーシア,"3,578"
#解説,"3,578"
#職場,"3,576"
#ホロスコープ,"3,575"
#新卒採用,"3,575"
#男女,"3,574"
#貯金,"3,572"
#UIデザイン,"3,571"
#Webサービス,"3,565"
#世界史,"3,565"
#南関東競馬,"3,563"
#ミュージカル,"3,561"
#資産形成,"3,558"
#ロシア,"3,552"
#風邪,"3,551"
#ステイホーム,"3,546"
#文房具,"3,544"
#プログラミング学習,"3,541"
#ドライブ,"3,541"
#大井,"3,540"
#ec,"3,539"
#不思議,"3,537"
#令和元年にやりたいこと,"3,536"
#目的,"3,534"
#景色,"3,532"
#keiba,"3,527"
#ライブハウス,"3,522"
#体験記,"3,519"
#地方移住,"3,518"
#ゴルフ,"3,517"
#自立,"3,516"
#求人,"3,512"
#cat,"3,510"
#死にたい,"3,509"
#東日本大震災,"3,506"
#お仕事,"3,506"
#life,"3,503"
#旅エッセイ,"3,499"
#カフェ巡り,"3,493"
#SG,"3,491"
#ゲストハウス,"3,489"
#富士山,"3,489"
#東京都,"3,487"
#プロレス,"3,486"
#画像,"3,484"
#radio,"3,479"
#高校野球,"3,477"
#ボート,"3,477"
#脳,"3,470"
#fashion,"3,469"
#靴,"3,469"
#公務員,"3,468"
#大学院生,"3,467"
#研修,"3,466"
#インスト,"3,466"
#diary,"3,464"
#繊細さん,"3,463"
#交換日記,"3,462"
#若者,"3,451"
#無料ボートレース予想,"3,450"
#講座,"3,450"
#ねこ写真,"3,448"
#小倉競馬予想,"3,447"
#ガジェット,"3,446"
#夜景,"3,443"
#空想,"3,440"
#借金,"3,439"
#配信,"3,435"
#盛岡競馬,"3,434"
#反省,"3,434"
#自分語り,"3,430"
#北欧,"3,429"
#地方競馬最終,"3,425"
#鳴門競艇,"3,425"
#アセンション,"3,422"
#お母さん,"3,419"
#冒険,"3,419"
#ハーブ,"3,412"
#チーム,"3,412"
#お散歩,"3,410"
#BTC,"3,409"
#季節,"3,409"
#書店,"3,408"
#エロ,"3,407"
#出会い系,"3,404"
#水,"3,403"
#新入社員,"3,401"
#コラボ,"3,399"
#バスケットボール,"3,397"
#庭,"3,393"
#あるある,"3,393"
#花言葉,"3,393"
#大人の学び,"3,392"
#年末年始,"3,391"
#シンガポール,"3,389"
#伝える,"3,388"
#動物園,"3,388"
#本音,"3,385"
#ストレス解消,"3,384"
#豊かさ,"3,382"
#働くママ,"3,380"
#弁護士,"3,379"
#オンラインイベント,"3,377"
#鬱病,"3,377"
#資産,"3,376"
#結果,"3,375"
#創作小説,"3,365"
#お風呂,"3,360"
#童話,"3,360"
#スロット,"3,358"
#ＪＲＡ,"3,356"
#PR,"3,356"
#嘘,"3,353"
#インフルエンサー,"3,351"
#ハンドメイド作家,"3,350"
#少女,"3,350"
#UXデザイン,"3,345"
#習い事,"3,345"
#FOLLOW,"3,344"
#涙,"3,339"
#問題解決,"3,337"
#ボートレース住之江,"3,335"
#カレンダー,"3,334"
#DX,"3,332"
#シェアハウス,"3,332"
#自分磨き,"3,332"
#部活の思い出,"3,331"
#SaaS,"3,329"
#自己表現,"3,328"
#精神障害,"3,327"
#ビジョン,"3,327"
#Mac,"3,324"
#宣伝,"3,324"
#何気ない日常,"3,319"
#紅茶,"3,319"
#毒親育ち,"3,314"
#サービス,"3,313"
#手書き,"3,312"
#日本語教師,"3,311"
#金沢競馬,"3,310"
#私小説,"3,308"
#卒業,"3,304"
#挨拶,"3,298"
#独学,"3,297"
#日本人,"3,296"
#論文,"3,293"
#フィンランド,"3,289"
#NHK,"3,285"
#お正月,"3,284"
#自己理解,"3,281"
#豪ドル円,"3,277"
#楽しむ,"3,277"
#父親,"3,276"
#ユーロドル,"3,275"
#東京競馬場,"3,274"
#アクセサリー通販,"3,274"
#MTG,"3,269"
#バイナリーオプション,"3,267"
#Vlog,"3,266"
#オリンピック,"3,266"
#MUPアウトプット,"3,265"
#movie,"3,262"
#デザイン思考,"3,261"
#自分らしい生き方,"3,258"
#恋愛エッセイ,"3,258"
#感覚,"3,258"
#スパイス,"3,258"
#推し,"3,257"
#タロットカード,"3,254"
#ファイナンス,"3,246"
#tororomuseum,"3,244"
#専業主婦,"3,243"
#スキルアップ,"3,243"
#実験,"3,242"
#各場の最終12レース予想,"3,241"
#SF小説,"3,236"
#ルーティン,"3,235"
#法律,"3,234"
#指導者,"3,234"
#川崎,"3,234"
#夫,"3,233"
#ブログ初心者,"3,226"
#デジタルイラスト,"3,225"
#旅コラム,"3,224"
#古典,"3,221"
#日々のこと,"3,217"
#サポート,"3,217"
#クリスマスの過ごし方,"3,215"
#アトピー,"3,211"
#大人のADHD,"3,208"
#楽しみ,"3,207"
#仙台,"3,207"
#親子関係,"3,206"
#読書会,"3,206"
#箕輪編集室,"3,199"
#HipHop,"3,199"
#きっかけ,"3,196"
#現実,"3,194"
#独身,"3,194"
#図解,"3,193"
#カメラ好きな人と繋がりたい,"3,190"
#青山裕企,"3,188"
#承認欲求,"3,185"
#パパ,"3,185"
#新型コロナ,"3,184"
#日経平均,"3,183"
#競艇女子,"3,182"
#読書レビュー,"3,181"
#プロテイン,"3,177"
#育児マンガ,"3,176"
#NPO,"3,173"
#おじさん,"3,173"
#UI,"3,170"
#文字,"3,165"
#馬,"3,164"
#イライラ,"3,164"
#レッスン,"3,159"
#語学留学,"3,157"
#頑張る,"3,157"
#WEBデザイナー,"3,154"
#映画評,"3,153"
#銭湯,"3,153"
#学習塾,"3,152"
#無料note,"3,151"
#丁寧な暮らし,"3,151"
#村上春樹,"3,149"
#インドネシア,"3,145"
#楽天,"3,144"
#1,"3,144"
#駆け出しエンジニア,"3,142"
#恋活,"3,142"
#スポーツビジネス,"3,140"
#詐欺,"3,137"
#キャッシュレス,"3,133"
#ハゲ,"3,131"
#熊本,"3,131"
#重賞,"3,129"
#外国人,"3,122"
#がん,"3,120"
#理想,"3,120"
#初めてのnote,"3,116"
#デイトレード,"3,111"
#柴犬,"3,110"
#シンプル,"3,109"
#内観,"3,108"
#雨の日,"3,103"
#メルマガ,"3,099"
#クイズ,"3,095"
#恐怖,"3,094"
#国語,"3,091"
#年賀状,"3,091"
#トランスジェンダー,"3,090"
#女子高生,"3,088"
#2020,"3,085"
#投資信託,"3,084"
#ITエンジニア,"3,080"
#FP,"3,078"
#百合,"3,074"
#140字小説,"3,071"
#居場所,"3,067"
#フォロワー,"3,066"
#副収入,"3,064"
#四コマ,"3,060"
#eSports,"3,058"
#内省,"3,058"
#創作活動,"3,058"
#漢字,"3,057"
#金融市場,"3,053"
#ボートレース大村,"3,053"
#好きな日本文化,"3,051"
#新月,"3,048"
#拡散希望,"3,047"
#ほぼ日,"3,046"
#生理,"3,045"
#堀江貴文,"3,045"
#笑い,"3,044"
#暗号通貨,"3,040"
#天使,"3,039"
#生と死,"3,037"
#デトックス,"3,037"
#オンラインレッスン,"3,036"
#休日の過ごし方,"3,036"
#1日1note,"3,034"
#コミュニケーションスキル,"3,034"
#フリー句,"3,030"
#こんな社会だったらいいな,"3,027"
#働く女性,"3,027"
#オランダ,"3,027"
#リノベーション,"3,024"
#寿司,"3,024"
#私,"3,023"
#シンプルライフ,"3,023"
#支援,"3,023"
#ロックダウン,"3,021"
#はじめてのnote,"3,020"
#ぼやき,"3,020"
#WEB漫画,"3,019"
#ニュージーランド,"3,017"
#都市伝説,"3,016"
#妻,"3,014"
#お茶,"3,014"
#接客,"3,013"
#花火,"3,010"
#SNS活用,"3,008"
#トレード手法,"3,007"
#Unity,"3,007"
#手術,"3,003"
#東洋医学,"2,998"
#オンライン英会話,"2,997"
#私の勝負曲,"2,994"
#超短編,"2,994"
#読んだ本,"2,992"
#noteコーヒー部,"2,991"
#中京競馬,"2,990"
#セールス,"2,990"
#暗号資産,"2,988"
#お店,"2,988"
#経営戦略,"2,988"
#嵐,"2,987"
#純文学,"2,983"
#ボートレース芦屋,"2,981"
#洋画,"2,980"
#ナンバーズ３,"2,979"
#シェア大歓迎,"2,978"
#テニス,"2,978"
#外国為替証拠金取引,"2,977"
#オートレース予想,"2,974"
#トランプ,"2,972"
#ジョギング,"2,971"
#カンボジア,"2,971"
#保険,"2,969"
#餃子,"2,968"
#日報,"2,967"
#ネット,"2,967"
#就活体験記,"2,966"
#フットサル,"2,966"
#フランス語,"2,966"
#VOCALOID,"2,965"
#和食,"2,964"
#note応援部,"2,963"
#宮島競艇,"2,960"
#教養,"2,960"
#コメディ,"2,959"
#小さな幸せ,"2,958"
#大村競艇予想,"2,956"
#Twitter運用,"2,956"
#保育,"2,956"
#イケメン,"2,956"
#穴党,"2,954"
#糖質制限ダイエット,"2,954"
#国際恋愛,"2,953"
#体験,"2,952"
#アマゾン,"2,945"
#抽象画,"2,944"
#浄化,"2,942"
#物販,"2,942"
#世界旅行,"2,937"
#芦屋競艇予想,"2,934"
#小説家,"2,933"
#サブスク,"2,928"
#奇跡,"2,928"
#コミック,"2,925"
#手描き,"2,925"
#姿勢,"2,921"
#遠距離恋愛,"2,917"
#コピーライティング,"2,914"
#音楽活動,"2,910"
#男性,"2,909"
#回収率,"2,906"
#コンサルティング,"2,905"
#女優,"2,904"
#思い込み,"2,904"
#無料競馬予想,"2,903"
#映画館,"2,903"
#闘病記,"2,901"
#アスペルガー,"2,900"
#肩こり,"2,900"
#バレンタイン,"2,899"
#ランキング,"2,896"
#あの恋,"2,894"
#木,"2,894"
#夏の思い出,"2,892"
#韓国語,"2,890"
#トイレ,"2,890"
#Photoshop,"2,889"
#FXトレーダー,"2,887"
#将来の夢,"2,886"
#短文,"2,883"
#ドキュメンタリー,"2,881"
#ブログ運営,"2,880"
#クッキーズ,"2,877"
#日曜作曲,"2,869"
#天気,"2,868"
#笠松競馬予想,"2,867"
#漫画家,"2,867"
#糖尿病,"2,865"
#簡単,"2,862"
#yoga,"2,860"
#英単語,"2,850"
#Bリーグ,"2,848"
#不安障害,"2,847"
#青,"2,847"
#思春期,"2,845"
#IoT,"2,841"
#乃木坂46,"2,839"
#心と身体,"2,838"
#銀座,"2,835"
#役者,"2,832"
#東京オリンピック,"2,832"
#障害,"2,832"
#駄文,"2,832"
#乳がん,"2,827"
#コツ,"2,826"
#生きること,"2,826"
#鹿児島,"2,823"
#ジブリ,"2,821"
#ミスiD,"2,817"
#バラ,"2,813"
#パワースポット,"2,810"
#神,"2,810"
#筆文字,"2,809"
#徳山競艇予想,"2,806"
#ダイエット記録,"2,804"
#キャッチコピー,"2,804"
#コラージュ,"2,804"
#為替市場,"2,802"
#波動,"2,802"
#中小企業診断士,"2,800"
#エクササイズ,"2,799"
#詞,"2,797"
#男性育休,"2,795"
#ポジティブ思考,"2,794"
#ビジネス英語,"2,787"
#全力で推したいゲーム,"2,786"
#介護福祉士,"2,786"
#リハビリテーション,"2,786"
#おにぎり,"2,786"
#英語の勉強,"2,785"
#お絵かき,"2,774"
#展覧会,"2,773"
#お菓子作り,"2,773"
#自由律,"2,772"
#アンチエイジング,"2,772"
#機能不全家族,"2,772"
#アプリ開発,"2,771"
#家,"2,771"
#高知,"2,769"
#バイナリー,"2,768"
#連載長編小説,"2,767"
#一眼レフ,"2,765"
#オカルト,"2,765"
#画家,"2,765"
#セフレ,"2,764"
#税金,"2,764"
#お金の話,"2,763"
#難病,"2,762"
#副業note,"2,761"
#疲れた,"2,761"
#運用,"2,761"
#JavaScript,"2,760"
#今,"2,759"
#AIKA競馬の予想,"2,758"
#誹謗中傷,"2,757"
#ECサイト,"2,754"
#手料理,"2,753"
#休校,"2,751"
#スイングトレード,"2,750"
#スペイン語,"2,746"
#ヒップホップ,"2,746"
#発見,"2,744"
#静岡,"2,740"
#美容と健康,"2,738"
#焼肉,"2,738"
#頭痛,"2,737"
#美容院,"2,735"
#デンマーク,"2,734"
#パラレルキャリア,"2,733"
#日経２２５,"2,732"
#うどん,"2,731"
#おばあちゃん,"2,730"
#お話,"2,728"
#自分を知る,"2,727"
#トレーナー,"2,727"
#料理好きな人と繋がりたい,"2,726"
#ドル,"2,726"
#素直,"2,726"
#followme,"2,726"
#ニンジャスレイヤー,"2,725"
#理系,"2,725"
#モーニング,"2,724"
#話し方,"2,721"
#ドラえもん,"2,719"
#love,"2,719"
#書く,"2,717"
#Web,"2,717"
#岡山,"2,715"
#癌,"2,714"
#小倉競輪,"2,710"
#子どもとの関わり,"2,708"
#正月,"2,708"
#ボカロ,"2,704"
#Honda,"2,702"
#指数予想,"2,699"
#プログラミング教育,"2,698"
#メンタリストDaigo,"2,697"
#円,"2,696"
#夕暮れ,"2,696"
#母の日,"2,694"
#決断,"2,693"
#無意識,"2,693"
#tiktok,"2,692"
#評価,"2,692"
#国際協力,"2,692"
#ワンピース,"2,692"
#ボートレース徳山,"2,689"
#大丈夫,"2,689"
#結婚相談所,"2,688"
#アメブロを見て,"2,687"
#外食,"2,686"
#スタエフ,"2,685"
#痩せる,"2,684"
#bar,"2,684"
#虹,"2,684"
#常識,"2,683"
#アラサーOL,"2,680"
#香り,"2,677"
#帰省,"2,677"
#和菓子,"2,672"
#ロゴ,"2,671"
#100文字ドラマ,"2,670"
#思いやり,"2,670"
#金沢,"2,669"
#ライブレポ,"2,668"
#薬,"2,667"
#体調不良,"2,666"
#歯医者,"2,665"
#人材,"2,664"
#禅,"2,663"
#ヴィーガン,"2,661"
#発酵,"2,660"
#アクセサリー,"2,660"
#言語,"2,659"
#願い,"2,659"
#インプットとアウトプット,"2,658"
#誕生花,"2,657"
#LIVE,"2,656"
#宇宙人,"2,654"
#外国語,"2,653"
#抑うつ,"2,652"
#外国為替,"2,644"
#フリーランス日記,"2,643"
#レコード,"2,642"
#通勤,"2,640"
#よろしくお願いします,"2,640"
#佐賀競馬予想,"2,635"
#育児漫画,"2,635"
#仕事論,"2,634"
#新聞,"2,633"
#高校受験,"2,632"
#三浦春馬,"2,632"
#税理士,"2,628"
#依存症,"2,628"
#今日の一言,"2,626"
#会社経営,"2,625"
#アメリカ留学,"2,624"
#お家時間,"2,621"
#Photograph,"2,621"
#婚活コラム,"2,620"
#アドバイス,"2,620"
#Tokyo,"2,620"
#喜び,"2,619"
#名前,"2,619"
#夕日,"2,618"
#NJSLYR,"2,617"
#ありがとうございます,"2,617"
#無印良品,"2,616"
#収入,"2,615"
#日本文化,"2,615"
#愛情,"2,613"
#運勢,"2,611"
#鈴鹿サーキット,"2,610"
#女子,"2,609"
#美肌,"2,607"
