クラスタ番号,タグ
0,"['#ねこ', '#うつ', '#買ってよかったもの', '#ポジティブ', '#ママ', '#赤ちゃん', '#失恋', '#おはよう', '#占い師', '#シュール', '#やる気', '#オタク', '#ネガティブ', '#愚痴', '#モテ', '#田舎', '#うさぎ', '#おしゃれ', '#親', '#コンプレックス', '#片思い', '#コスプレ', '#辛い', '#しあわせ', '#エロ', '#本音', '#お母さん', '#ハゲ', '#おじさん', '#百合', '#イライラ', '#パパ', '#頑張る', '#イケメン', '#思い込み', '#痩せる', '#オカルト', '#おばあちゃん']"
1,"['#ビジネス', '#マーケティング', '#IT', '#ブランディング', '#M5', '#リノベーション', '#IoT']"
2,"['#東京', '#横浜', '#神戸', '#東京都', '#川崎', '#テレビ東京', '#湘南']"
3,[]
4,"['#マスク', '#インテリア', '#着物', '#メイク', '#服', '#Tシャツ', '#靴', '#ワンピース', '#アクセサリー']"
5,"['#毎日更新', '#観光', '#情報発信', '#集客', '#ブログ更新', '#広報', '#PR', '#宣伝', '#物販']"
6,[]
7,"['#イラスト', '#絵', '#広告', '#落書き', '#似顔絵', '#スケッチ', '#天然石', '#手書き', '#手描き', '#illust']"
8,"['#就職活動', '#大学受験', '#受験', '#大学生日記', '#新卒', '#転職活動', '#面接', '#ナンパ', '#希望', '#アロマ', '#中学受験', '#東大', '#大学生活', '#資格試験', '#受験生', '#求人', '#学習塾', '#理系']"
9,"['#学校', '#大学']"
10,"['#フィクション', '#実話']"
11,"['#生活', '#暮らし', '#日々']"
12,"['#創作', '#執筆']"
13,"['#夏', '#秋', '#春', '#クリスマス', '#夏休み', '#朝', '#月', '#休日', '#冬', '#スキ', '#穴馬', '#ハロウィン', '#台風', '#大井', '#バレンタイン', '#楽天', '#休校', '#七夕']"
14,"['#オンライン', '#無料', '#クラウドファンディング', '#アプリ', '#iphone', '#netflix', '#kindle', '#コンテンツ', '#インターネット', '#apple', '#podcast', '#パソコン', '#eSports', '#Web']"
15,"['#演劇', '#芸術', '#美術', '#絵画', '#文化', '#ドローイング', '#水彩', '#水彩画', '#洋画', '#デッサン']"
16,"['#音楽', '#メンタル', '#バンド', '#music', '#あなたに出会えてよかった', '#ジャズ', '#english', '#flower', '#jazz']"
17,"['#宇宙', '#地球', '#星']"
18,"['#コミュニケーション', '#つくるのはたのしい', '#はたらくを自由に', '#コミュニティ', '#テクノロジー', '#おうちごはん', '#パパの子育て', '#ベンチャー', '#アフィリエイト', '#在宅勤務', '#習慣化', '#環境', '#多様性', '#緊急事態宣言', '#人材育成', '#糖質制限', '#イノベーション', '#まちづくり', '#戦略', '#あつまれどうぶつの森', '#保育士', '#リーダーシップ', '#ものづくり', '#せどり', '#22卒', '#パートナーシップ', '#こんな学校あったらいいな', '#大学院', '#21卒', '#管理栄養士', '#生産性', '#環境問題', '#ほぼ毎日note', '#地域活性化', '#コロナ禍', '#猫がいる生活', '#中小企業', '#ファイナンス', '#問題解決', '#ビジョン', '#青山裕企', '#NPO', '#FP', '#国際恋愛', '#浄化', '#国際協力', '#子どもとの関わり', '#介護福祉士']"
19,"['#株', '#馬券', '#働き方改革', '#競艇投資', '#人事', '#為替', '#副業収入', '#令和', '#転売', '#相場', '#投資家', '#ec', '#資金調達', '#貯金', '#副収入', '#外国為替証拠金取引', '#詐欺', '#保険', '#円']"
20,"['#看護師', '#病院', '#教師', '#ボランティア', '#教員', '#薬剤師', '#弁護士', '#カウンセラー', '#職場', '#公務員', '#接客']"
21,"['#母', '#無職', '#ニート', '#息子', '#娘', '#父', '#母親', '#夫', '#父親', '#妻']"
22,['#退職']
23,['#レッスン']
24,"['#的中', '#発達障害', '#資産運用', '#仮想通貨', '#川崎競馬', '#東京競馬予想', '#株式投資', '#園田競馬', '#船橋競馬', '#阪神競馬予想', '#舟券', '#競馬ファイナンス', '#競馬好き', '#競馬初心者', '#川崎競馬予想', '#競馬投資', '#不登校', '#浦和競馬', '#高知競馬', '#万馬券', '#京都競馬予想', '#競馬大好き', '#双極性障害', '#中山競馬予想', '#園田競馬予想', '#勝負馬券', '#舟券予想', '#住之江競艇', '#船橋競馬予想', '#競艇確率', '#門別競馬', '#福島競馬予想', '#フォロー', '#馬券予想', '#南関競馬', '#大村競艇', '#浦和競馬予想', '#名古屋競馬', '#ドル円', '#地方創生', '#健康管理', '#万車', '#高知競馬予想', '#LINEスタンプ', '#適応障害', '#蒲郡競艇', '#徳山競艇', '#芦屋競艇', '#丸亀競艇', '#穴予想', '#株投資', '#人工知能', '#万馬券当てたい', '#勝負馬券予想', '#中京競馬予想', '#大人の発達障害', '#東京競馬', '#下関競艇', '#データ分析', '#新規事業', '#不動産投資', '#パニック障害', '#若松競艇', '#万舟券', '#京都競馬', '#門別競馬予想', '#札幌競馬予想', '#函館競馬予想', '#笠松競馬', '#選択', '#目標設定', '#目標達成', '#一次創作', '#米国株', '#中山競馬', '#阪神競馬', '#桐生競艇', '#竹花貴騎', '#後悔', '#名古屋競馬予想', '#唐津競艇', '#三国競艇', '#新潟競馬', '#KPOP', '#無料予想', '#小倉競馬予想', '#二次創作', '#南関東競馬', '#あつ森', '#盛岡競馬', '#摂食障害', '#自己投資', '#効率化', '#ミッドナイト競輪予想', '#無料ボートレース予想', '#新卒採用', '#地方競馬最終', '#日本株', '#地方移住', '#鳴門競艇', '#ユーロドル', '#豪ドル円', '#南関競馬予想', '#あるある', '#反省', '#資産形成', '#佐賀競馬', '#暗号通貨', '#ガジェット', '#蒲郡競艇予想', '#高配当', '#金沢競馬', '#オートレース予想', '#サポート', '#宮島競艇', '#金融市場', '#暗号資産', '#ボートレース大村', '#投資信託', '#AIKA競馬の予想', '#無料競馬予想', '#都市伝説', '#為替市場', '#日経平均', '#アプリ開発', '#アメリカ留学', '#筆文字', '#決断', '#中京競馬', '#大村競艇予想', '#ボートレース芦屋', '#笠松競馬予想', '#ボートレース徳山', '#馬券勝負', '#投資法']"
25,"['#言葉', '#名言', '#独り言', '#呟き', '#ことば', '#格言', '#名前', '#考え事', '#話し方']"
26,"['#動画', '#インスタ', '#映像']"
27,"['#猫', '#コロナ', '#犬', '#動物', '#ネコ', '#雑談', '#ペット', '#鳥', '#徒然', '#本屋', '#魚', '#cat', '#柴犬']"
28,"['#自分', '#片付け', '#前向き', '#私', '#駄文', '#暇つぶし', '#素直']"
29,"['#料理', '#習慣', '#レシピ', '#食事', '#食', '#自炊', '#酒', '#野菜', '#日本酒', '#食べ物', '#珈琲', '#朝食', '#サウナ', '#スタバ', '#餃子', '#手料理', '#発酵']"
30,"['#エッセイ', '#エッセー']"
31,"['#気持ち', '#想い', '#思い', '#願い']"
32,"['#フランス', '#イタリア', '#ドイツ', '#イギリス', '#ヨーロッパ', '#スペイン', '#ロシア', '#オランダ', '#デンマーク']"
33,"['#英語', '#日本語', '#tanka', '#中国語', '#漢字', '#英単語', '#韓国語', '#スペイン語', '#フランス語']"
34,"['#アメリカ', '#中国', '#台湾', '#韓国', '#インド', '#ベトナム', '#アフリカ', '#カンボジア', '#日報']"
35,['#採用']
36,"['#恋愛', '#アラサー', '#不倫', '#浮気']"
37,"['#結婚', '#離婚']"
38,"['#映画', '#漫画', '#ゲーム', '#アニメ', '#ドラマ', '#ディズニー', '#movie', '#ドラえもん', '#ラノベ']"
39,"['#万舟', '#断捨離', '#作家', '#小説家になろう', '#詩人', '#ブロガー', '#小説家', '#画家']"
40,"['#楽しい', '#笑顔', '#かわいい', '#リラックス', '#可愛い', '#ワクワク', '#元気', '#早起き', '#面白い', '#大丈夫', '#おめでとう']"
41,"['#病気', '#リハビリ', '#闘病', '#入院', '#休職', '#腰痛', '#減量', '#風邪', '#鬱病', '#肩こり', '#体調不良']"
42,"['#考察', '#研究', '#分析']"
43,"['#サッカー', '#野球']"
44,"['#小説', '#短編小説', '#ショートショート', '#短歌', '#現代詩', '#連載小説', '#コミックエッセイ', '#短編', '#絵本', '#俳句', '#エッセイ漫画', '#恋愛小説', '#掌編小説', '#ショートストーリー', '#競馬好きな人と繋がりたい', '#超短編小説', '#随筆', '#イラストエッセイ', '#恋愛コラム', '#ノンフィクション', '#長編小説', '#動画編集', '#日常漫画', '#映画鑑賞', '#らくがき', '#掌編', '#創作漫画', '#恋愛相談', '#青年海外協力隊', '#悩み相談', '#ファンタジー小説', '#日経新聞', '#エッセイマンガ', '#ライトノベル', '#連続投稿', '#旅エッセイ', '#超ショートショート', '#東日本大震災', '#日経COMEMO', '#創作小説', '#童話', '#私小説', '#箕輪編集室', '#恋愛エッセイ', '#映画評', '#SF小説', '#ほぼ日', '#140字小説', '#ねこ写真', '#恋活', '#新月', '#超短編', '#遠距離恋愛', '#日経２２５', '#連載長編小説']"
45,"['#大阪', '#福岡', '#名古屋', '#札幌', '#広島', '#仙台']"
46,"['#毎日note', '#プログラミング', '#AI', '#cakesコンテスト', '#cakesコンテスト2020', '#クリエイティブ', '#python', '#ライティング', '#Design', '#note俳句部', '#VR', '#モノクロ', '#Spotify', '#デジタル', '#Illustrator', '#ベース', '#メイン', '#有料note', '#Voicy', '#UI', '#Mac', '#HipHop', '#初めてのnote', '#はじめてのnote', '#Photoshop', '#コピーライティング', '#1日1note', '#JavaScript', '#followme', '#副業note']"
47,"['#カフェ', '#飲食店', '#ホテル', '#喫茶店', '#居酒屋', '#レストラン', '#バー', '#ゲストハウス', '#bar']"
48,"['#自然', '#光', '#エネルギー', '#実験', '#物理', '#波動']"
49,"['#イベント', '#企画', '#プレゼン']"
50,['#連載']
51,['#感覚']
52,"['#ブログ', '#つぶやき', '#note毎日更新', '#youtube', '#SNS', '#DTM', '#Twitter', '#note初心者', '#HSP', '#note書き初め', '#ハンドメイド', '#noteのつづけ方', '#noteでよかったこと', '#Vtuber', '#youtube動画', '#noteの書き方', '#Instagram', '#ZOOM', '#note映画部', '#Amazon', '#Webデザイン', '#SDGs', '#youtuber', '#現代アート', '#ミニマリスト', '#ビットコイン', '#バックパッカー', '#noteはじめました', '#現代短歌', '#フィルムカメラ', '#Nikon', '#stayhome', '#みんなのフォトギャラリー', '#COVID19', '#フォトグラファー', '#グラフィックデザイン', '#アフターコロナ', '#ツイッター', '#ポッドキャスト', '#noteおやつ部', '#no活', '#YouTubeチャンネル', '#DIY', '#TOEIC', '#プロフィール', '#公開ダイエット', '#webライター', '#Webマーケティング', '#ファインダー越しの私の世界', '#note感想文', '#１日１エッセイ', '#ロードバイク', '#iPad', '#ブロックチェーン', '#オラクルカード', '#メインレース', '#インスタグラム', '#フィルム写真', '#2020年代の未来予想図', '#note弁当部', '#Photography', '#blog', '#note初投稿', '#stay_at_home', '#ツインレイ', '#ジャニーズ', '#note短歌部', '#Google', '#HSS型HSP', '#メンズファッション', '#クラフトビール', '#ジェイソン先生', '#バーチャルYouTuber', '#ハンドメイドアクセサリー', '#withコロナ', '#facebook', '#オーガニック', '#Webサービス', '#デジタルマーケティング', '#アメリカ生活', '#diary', '#ナンバーズ４', '#UIデザイン', '#UXデザイン', '#ボディメイク', '#tororomuseum', '#バイナリーオプション', '#無料note', '#デザイン思考', '#SaaS', '#キャッシュレス', '#スキルアップ', '#ハンドメイド作家', '#ホロスコープ', '#note応援部', '#ルーティン', '#WEBデザイナー', '#フリー句', '#Vlog', '#ミスiD', '#デジタルイラスト', '#メルマガ', '#オンラインイベント', '#オンライン英会話', '#コミュニケーションスキル', '#ナンバーズ３', '#noteコーヒー部', '#Unity', '#Twitter運用', '#サブスク', '#stay_home', '#フォロワー', '#パラレルキャリア', '#ECサイト', '#Tokyo', '#Honda', '#バイナリー', '#Photograph', '#メンタリストDaigo', '#tiktok', '#suzukacircuit', '#インプットとアウトプット', '#オンライン飲み会', '#現代美術', '#Cafe', '#ゼロ除算']"
53,"['#大学生', '#高校生', '#社会人', '#ネットビジネス', '#学生', '#ビジネススキル', '#イベントレポ', '#エンタメ', '#小学生', '#マインドフルネス', '#メンタルヘルス', '#オンラインサロン', '#コロナウイルス', '#MUPウサギクラス', '#中学生', '#マインドセット', '#新型コロナウイルス対策', '#応援したいスポーツ', '#ネットラジオ', '#SNSマーケティング', '#ビジネス書', '#マッチングアプリ', '#オンライン授業', '#新社会人', '#ネット副業', '#パーソナルトレーナー', '#新生活に向けて', '#ビジネスモデル', '#eスポーツ', '#アダルトチルドレン', '#ネットショップ', '#フィットネス', '#毎日更新がんばる', '#スキンケア', '#8月31日の夜に', '#オープン社内報', '#新型コロナウィルス', '#自閉症スペクトラム', '#心理学をもっと身近に', '#イベントレポート', '#メンタルトレーニング', '#私のパートナー', '#物販ビジネス', '#セルフケア', '#社会人1年目の私へ', '#日本史', '#パーソナルトレーニング', '#アクセサリー通販', '#インフルエンサー', '#各場の最終12レース予想', '#大学院生', '#スポーツビジネス', '#村上春樹', '#堀江貴文', '#新型コロナ', '#オンラインレッスン', '#鈴鹿サーキット', '#乃木坂46', '#ビジネス英語', '#フリーランス日記', '#箕輪厚介']"
54,['#引っ越し']
55,"['#海外', '#タイ', '#オーストラリア', '#カナダ', '#ハワイ', '#香港', '#バンコク', '#フィリピン', '#東南アジア', '#マレーシア', '#北欧', '#アセンション', '#フィンランド', '#シンガポール', '#インドネシア', '#ニュージーランド', '#アマゾン', '#アジア']"
56,"['#20代', '#40代', '#30代']"
57,['#運用']
58,"['#いま私にできること', '#人生', '#スキしてみて', '#生き方', '#習慣にしていること', '#ライフスタイル', '#スピリチュアル', '#自分と向き合う', '#生きる', '#価値観', '#人生を変えた出会い', '#万馬券予想', '#挑戦している君へ', '#考えたこと', '#生きづらさ', '#一度は行きたいあの場所', '#今を生きる', '#競艇好きとつながりたい', '#メインレース予想', '#life', '#今私にできること', '#理想', '#生きること', '#love']"
59,"['#コラム', '#書評', '#レビュー', '#記事', '#雑誌', '#レポート', '#書籍', '#文房具', '#論文', '#新聞']"
60,['#開業']
61,['#きっかけ']
62,"['#ライター', '#映画レビュー', '#コンテンツ会議', '#写真日記', '#イラストレーター', '#デザイナー', '#クリエイター', '#花写真', '#猫写真', '#イラストレーション', '#写真家', '#風景写真', '#お絵描き', '#声優', '#編集者', '#カメラマン', '#空写真', '#noteクリエイター', '#コピーライター', '#一日一絵', '#WEB漫画', '#漫画家', '#抽象画', '#お絵かき', '#育児漫画', '#ギャグ漫画']"
63,"['#競艇予想屋', '#地方競馬予想', '#中央競馬予想', '#ボートレース予想', '#大井競馬予想', '#競馬女子', '#競馬予想中', '#競馬場', '#競馬はロマン', '#競馬新聞', '#競馬ファン', '#競馬ブログ', '#激アツレース', '#新潟競馬予想', '#地方競馬場予想', '#公園', '#温泉', '#東京競馬場', '#動物園', '#ボートレース住之江', '#映画館', '#トイレ', '#水族館']"
64,"['#読書', '#瞑想', '#英会話', '#ヒーリング', '#将棋', '#旅する日本語', '#語学', '#チャネリング', '#書道', '#好きな日本文化', '#独学', '#国語', '#教養', '#禅', '#日本文化']"
65,['#鉄道']
66,"['#目標', '#目的', '#セカンダリー']"
67,['#取材']
68,['#配信']
69,"['#家族', '#夫婦', '#親子', '#男女']"
70,"['#考える', '#書く']"
71,['#時間']
72,"['#大学生ブログ', '#サラリーマン', '#アイドル', '#西野亮廣エンタメ研究所', '#女の子', '#主婦', '#アラフォー', '#女子大生', '#会社員', '#コンサル', '#飲食店経営', '#アラサー女子', '#アラフィフ', '#メンヘラ', '#キャリアコンサルタント', '#OL', '#FUJIFILM', '#ＪＲＡ', '#新入社員', '#少女', '#働くママ', '#女子高生', '#お店', '#専業主婦', '#駆け出しエンジニア', '#ブログ運営', '#ITエンジニア', '#競艇女子', '#働く女性', '#無印良品']"
73,"['#人間', '#筋肉', '#身体', '#精神', '#脳']"
74,"['#アート', '#ファッション', '#ロック', '#ダンス', '#洋楽', '#カルチャー', '#クラシック', '#DJ', '#ゲイ', '#クラシック音楽', '#ミュージカル', '#fashion', '#ファスティング', '#ヒップホップ', '#ボカロ']"
75,['#電車']
76,"['#歌詞', '#歌', '#詞']"
77,"['#COMEMO', '#JRA', '#G1', '#JRDB', '#重賞']"
78,"['#子育て', '#育児', '#健康', '#働き方', '#美容', '#介護', '#整体', '#美容師', '#医療', '#毒親', '#保護猫', '#福祉', '#家事', '#アパレル', '#栄養', '#育休', '#コスメ', '#セラピスト', '#カイロプラクティック', '#高齢者', '#障害者', '#毒親育ち', '#推し', '#拡散希望', '#誹謗中傷', '#保育', '#美容院', '#不安障害', '#推奨馬', '#美肌']"
79,"['#新型コロナウイルス', '#ダイエット', '#うつ病', '#ストレス', '#ADHD', '#睡眠', '#モチベーション', '#カウンセリング', '#外出自粛', '#精神疾患', '#食生活', '#認知症', '#統合失調症', '#ASD', '#不妊治療', '#鍼灸', '#妊婦', '#行動力', '#精神科', '#トラウマ', '#新宿租界', '#集中力', '#マッサージ', '#社会問題', '#呼吸', '#鉄板軸馬', '#免疫力', '#ストレス解消', '#直前予想', '#アトピー', '#がん', '#精神障害', '#生理', '#アスペルガー', '#デトックス', '#プロテイン', '#障害', '#糖尿病', '#リハビリテーション', '#思春期', '#闘病記', '#乳がん', '#難病', '#アンチエイジング', '#癌', '#花粉症', '#エクササイズ', '#頭痛', '#抑うつ', '#アレルギー']"
80,['#価値']
81,['#コーチ']
82,['#怒り']
83,['#収入']
84,"['#俳優', '#女優', '#役者']"
85,"['#マンガ', '#本', '#4コマ', '#まんが', '#電子書籍', '#ポケカ', '#マガジン', '#４コマ', '#ポケカ記事', '#書店', '#カレンダー', '#コミック']"
86,['#出版']
87,"['#ノウハウ', '#技術']"
88,['#個性']
89,['#考え']
90,"['#おうち時間を工夫で楽しく', '#占い', '#思い出', '#ありがとう', '#おうち時間', '#勝負レース', '#癒し', '#タロット', '#振り返り', '#アイデア', '#はじめまして', '#過去', '#継続は力なり', '#こども', '#遊び', '#夢を叶える', '#占星術', '#開運', '#こころ', '#神様', '#お金を稼ぐ', '#引きこもり', '#好きなもの', '#大人になったものだ', '#ひきこもり', '#おはようございます', '#FOLLOW', '#不思議', '#こんな社会だったらいいな', '#タロットカード', '#クイズ', '#楽しみ', '#カメラ好きな人と繋がりたい', '#小さな幸せ', '#キャッチコピー', '#お話', '#疲れた', '#トランプ']"
91,"['#散歩', '#初心者', '#ランニング', '#チャレンジ', '#世界一周', '#自転車', '#キャンプ', '#登山', '#アウトドア', '#サーフィン', '#ウォーキング', '#バイク', '#釣り', '#飛行機', '#ジム', '#ボート', '#ドライブ', '#ゴルフ', '#ジョギング']"
92,"['#政治', '#仏教', '#宗教', '#キリスト教']"
93,"['#花', '#空', '#海', '#桜', '#雨', '#風景', '#神社', '#夜', '#雲', '#梅雨', '#紅葉', '#満月', '#山', '#怪談', '#紫陽花', '#街', '#雪', '#夕焼け', '#太陽', '#青空', '#景色', '#庭', '#夜景', '#富士山', '#花言葉', '#花火', '#内観', '#銭湯', '#天気', '#木', '#夕暮れ', '#虹', '#夕日', '#森', '#嵐']"
94,"['#フリーランス', '#エンジニア', '#マネジメント', '#コンサルタント', '#コンサルティング']"
95,"['#女性', '#大人', '#若者', '#男性', '#ノマド']"
96,['#ランキング']
97,"['#投資', '#起業', '#転職', '#経営', '#経営者', '#起業家', '#個人事業主', '#女性起業家', '#就職', '#脱サラ', '#ブラック企業', '#社長', '#複業', '#副業の教科書', '#公営ギャンブル', '#営業マン', '#パワーストーン', '#経営戦略', '#ニンジャスレイヤー', '#中小企業診断士', '#パワースポット']"
98,['#変化']
99,"['#ひとりごと', '#グルメ', '#コーヒー', '#毎日', '#ラーメン', '#カレー', '#ランチ', '#お弁当', '#お酒', '#ワーママ', '#ビール', '#ごはん', '#ワイン', '#スイーツ', '#手作り', '#お菓子', '#ご飯', '#フード', '#美味しい', '#パン', '#買い物', '#掃除', '#本好き', '#おやつ', '#コンビニ', '#チョコレート', '#三連単', '#晩御飯', '#ケーキ', '#パスタ', '#飲み会', '#3連単', '#星占い', '#アイス', '#カフェ巡り', '#ハーブ', '#お散歩', '#紅茶', '#スパイス', '#寿司', '#お茶', '#和食', '#おにぎり', '#バラ', '#繊細さん', '#外食', '#うどん', '#和菓子', '#焼肉', '#星野源']"
100,['#昭和']
101,"['#夢', '#心', '#悩み', '#愛', '#ヨガ', '#感情', '#鬱', '#記憶', '#麻雀', '#自信', '#孤独', '#パチンコ', '#ストレッチ', '#勇気', '#感動', '#優しさ', '#共感', '#運命', '#魂', '#言霊', '#パチスロ', '#恐怖', '#yoga', '#思いやり']"
102,"['#アーティスト', '#シンガーソングライター', '#ミュージシャン']"
103,['#展示']
104,['#馬']
105,['#デザイン']
106,['#信頼']
107,['#経験']
108,['#脚本']
109,"['#旅', '#旅行', '#ワーホリ']"
110,['#評価']
111,['#記録']
112,['#リーダー']
113,"['#教育', '#学校教育', '#学習', '#授業', '#研修']"
114,['#平成']
115,"['#成功', '#失敗']"
116,['#選挙']
117,"['#音声配信', '#音楽レビュー', '#音楽制作', '#創作活動', '#日曜作曲', '#音楽活動']"
118,['#発見']
119,"['#作曲', '#作詞']"
120,['#楽しむ']
121,['#人']
122,['#挑戦']
123,['#まとめ']
124,"['#独立', '#自立']"
125,['#命']
126,['#トレード']
127,"['#シンプル', '#簡単', '#コツ']"
128,"['#お金', '#ギャンブル', '#マネー', '#宝くじ', '#借金', '#ドル', '#税金', '#不労所得']"
129,['#法律']
130,['#伝える']
131,"['#メルカリ', '#災害', '#地震']"
132,"['#誕生日', '#今日は何の日', '#雨の日', '#母の日']"
133,['#働く']
134,"['#日常', '#私の仕事', '#人間関係', '#海外生活', '#とは', '#スタートアップ', '#未来', '#テレワーク', '#在宅ワーク', '#ライフハック', '#これからの仕事術', '#リモートオフィス', '#ボート予想', '#日常生活', '#妄想', '#ニュースで語る', '#2020年', '#ライブ配信', '#ボードゲーム', '#2019年', '#アナログ絵', '#相互フォロー', '#ワークライフバランス', '#風俗', '#夫婦関係', '#恋愛テクニック', '#カードリーディング', '#最終レース', '#ナイターレース', '#テクニカル分析', '#人間関係の悩み', '#ヨガインストラクター', '#テイクアウト', '#ワーキングホリデー', '#逆噴射プラクティス', '#ゲーム実況', '#最終レース予想', '#今日のメッセージ', '#チームビルディング', '#MUPアウトプット', '#空想', '#ステイホーム', '#旅コラム', '#冒険', '#デイトレード', '#現実', '#ブログ初心者', '#親子関係', '#トレード手法', '#体験', '#シンプルライフ', '#奇跡', '#スイングトレード', '#FXトレーダー', '#機能不全家族', '#自己紹介をゲームで語る', '#常識', '#ライブレポ', '#トレード日誌', '#無意識']"
135,['#学び']
136,['#人材']
137,"['#仕事', '#副業', '#勉強', '#コーチング', '#アルバイト', '#習い事']"
138,['#開発']
139,"['#詩', '#note', '#ポエム', '#文章', '#旅行記', '#散文', '#一人旅', '#田舎暮らし', '#自分らしさ', '#お金について考える', '#好きなことを仕事にする', '#やりたいこと', '#言葉の力', '#鬼滅の刃', '#ギャンブル予想', '#簡単レシピ', '#思ったこと', '#幸せになる方法', '#好きなこと', '#フォローお願いします', '#自分軸', '#ひとり旅', '#川柳', '#熟成下書き', '#犬のいる暮らし', '#私のお店', '#思うこと', '#雑感', '#心の声', '#雑文', '#我が家のペット自慢', '#自分らしく生きる', '#言語化', '#また乾杯しよう', '#散文詩', '#poem', '#名前の由来', '#時間の使い方', '#給付金をきっかけに', '#キナリ杯', '#モテる方法', '#読書好きな人と繋がりたい', '#聖書', '#新しい働き方', '#令和元年にやりたいこと', '#自分探し', '#出会い系', '#部活の思い出', '#死にたい', '#感謝の気持ち', '#自分語り', '#豊かさ', '#何気ない日常', '#文字', '#古典', '#日々のこと', '#大人の学び', '#自分らしい生き方', '#自分磨き', '#ぼやき', '#生と死', '#コラージュ', '#丁寧な暮らし', '#SNS活用', '#短文', '#お家時間', '#心と身体', '#ポジティブ思考', '#自分を知る', '#気づきの瞑想']"
140,[]
141,"['#涙', '#笑い']"
142,"['#保育園', '#小学校', '#幼稚園']"
143,['#資格']
144,"['#毎日投稿', '#自己紹介', '#読書感想文', '#自己啓発', '#就活', '#筋トレ', '#4コマ漫画', '#ゆたかさって何だろう', '#海外旅行', '#推薦図書', '#感想', '#自由詩', '#映画感想', '#自己肯定感', '#ART', '#カメラのたのしみ方', '#初投稿', '#婚活', '#育児日記', '#読書日記', '#おすすめ本', '#朝活', '#体験談', '#読書記録', '#おすすめ', '#仕事術', '#自己分析', '#LGBT', '#夢日記', '#潜在意識', '#毎日更新倶楽部', '#MUP', '#メッセージ', '#ダイエット日記', '#旅日記', '#スマホ', '#勉強法', '#朗読', '#子育て日記', '#4コママンガ', '#海外留学', '#引き寄せ', '#LINE', '#書くこと', '#自由律俳句', '#海外移住', '#コミックエッセイ大賞', '#会話', '#予想屋', '#就活生', '#読書の秋2020', '#読書メモ', '#自己成長', '#厳選予想', '#家庭料理', '#旅とわたし', '#四コマ漫画', '#美容室', '#夏のオススメ', '#朝ごはん', '#まいにち日記部', '#家庭菜園', '#ちゅうハヤ', '#妊活', '#マンガ感想文', '#FX初心者', '#国際結婚', '#HSP気質', '#アニメ感想', '#UX', '#成功法則', '#海外旅行記', '#自己実現', '#食レポ', '#引き寄せの法則', '#オススメ', '#読書感想', '#星読み', '#自粛生活', '#文章を書く', '#あの夏に乾杯', '#うつ状態', '#４コマ漫画', '#製作日記', '#怖い話', '#告知', '#本紹介', '#日経225先物デイトレード', '#海外ドラマ', '#毎日日記', '#体験記', '#お仕事', '#国内旅行', '#交換日記', '#四コマ', '#育児マンガ', '#自己表現', '#ネタバレ', '#お風呂', '#読書レビュー', '#夏の思い出', '#読書会', '#世界旅行', '#就活体験記', '#挨拶', '#承認欲求', '#自己理解', '#あの恋', '#大人のADHD', '#読んだ本', '#休日の過ごし方', '#自由律', '#100文字ドラマ', '#一眼レフ', '#将来の夢', '#競馬っていいよね', '#お菓子作り', '#NJSLYR', '#アメブロを見て', '#男性育休', '#今日の一言', '#お金の話', '#仕事論', '#料理好きな人と繋がりたい', '#よろしくお願いします', '#アラサーOL', '#感想文', '#歌ってみた']"
145,['#結婚式']
146,"['#ライブ', '#LIVE']"
147,['#チーム']
148,['#1']
149,"['#ファンタジー', '#SF', '#青春', '#ホラー', '#ミステリー', '#SEO', '#VOCALOID', '#コメディ', '#ドキュメンタリー']"
150,"['#日記', '#雑記', '#絵日記', '#メモ', '#備忘録', '#手帳', '#ノート', '#日誌']"
151,"['#写真好きな人と繋がりたい', '#お笑い', '#渋谷のラジオ', '#今日のつぶやき', '#ミッドナイト競輪', '#芸人', '#ギャグ', '#お笑い芸人', '#落語', '#コント', '#ネタ', '#漫才', '#プロレス']"
152,['#結果']
153,"['#競輪予想', '#スポーツ', '#競輪', '#1000日チャレンジ', '#Jリーグ', '#プロ野球', '#FXトレード', '#マラソン', '#西野亮廣', '#部活', '#ラグビー', '#アスリート', '#陸上競技', '#100日チャレンジ', '#バスケ', '#高校野球', '#バスケットボール', '#オリンピック', '#テニス', '#フットサル', '#東京オリンピック', '#Bリーグ', '#ダイエット記録', '#女子']"
154,"['#紹介', '#解説']"
155,"['#色', '#青']"
156,"['#差別', '#虐待']"
157,"['#作品', '#ジブリ']"
158,"['#日本', '#japan']"
159,"['#トレーニング', '#練習']"
160,"['#オリジナル', '#私のイチオシ', '#リモートワーク', '#コロナに負けるな', '#弾き語り', '#オリジナル小説', '#オリジナル曲', '#プログラミング初心者', '#みんなでつくる秋アルバム', '#オリジナルイラスト', '#シングルマザー', '#アナログ', '#君のことばに救われた', '#オリジナルアクセサリー', '#カラオケ', '#BGM', '#やさしさにふれて', '#BL', '#オリジナルキャラクター', '#コラボ', '#BTC', '#インスト', '#スロット', '#GoToキャンペーン', '#MTG', '#ロックダウン', '#DX']"
161,['#家']
162,['#姿勢']
163,['#ロゴ']
164,"['#ニューヨーク', '#パリ', '#ロンドン']"
165,"['#幸せ', '#自由', '#幸福', '#平和']"
166,['#ブランド']
167,['#編集']
168,"['#経済', '#社会', '#農業', '#金融']"
169,"['#渋谷', '#新宿', '#ライブハウス', '#銀座']"
170,['#予想']
171,"['#ポケモン', '#ポケモンカード', '#ロボット', '#天使', '#神', '#妖怪', '#宇宙人']"
172,['#翻訳']
173,"['#物語', '#シナリオ', '#ストーリー']"
174,"['#継続', '#自粛']"
175,['#モデル']
176,"['#表現', '#コピック']"
177,['#香り']
178,['#キャリア']
179,['#キャラクター']
180,"['#留学', '#インターン']"
181,['#将来']
182,['#移住']
183,"['#日本人', '#外国人', '#外国為替']"
184,['#撮影']
185,['#死']
186,['#不安']
187,"['#考え方', '#思想']"
188,['#更新']
189,['#組織']
190,['#支援']
191,"['#子ども', '#子供']"
192,"['#意識', '#イメージ', '#内省']"
193,['#声']
194,['#世界']
195,"['#仲間', '#ナンバーズ', '#友人']"
196,"['#地域', '#地方']"
197,['#プレゼント']
198,['#建築']
199,"['#ギター', '#ピアノ', '#ドラム', '#楽器']"
200,"['#歴史', '#世界史']"
201,['#サービス']
202,"['#ラジオ', '#ニュース', '#テレビ', '#nikkei', '#メディア', '#radio', '#keiba', '#NHK', '#モーニング']"
203,['#高校']
204,"['#404美術館', '#美術館', '#図書館', '#展覧会']"
205,['#営業']
206,['#植物']
207,"['#スキル', '#魔法']"
208,['#セールス']
209,"['#写真', '#カメラ', '#photo', '#illustration', '#ポートレート', '#boatrace', '#スナップ', '#drawing', '#画像']"
210,['#卒業']
211,['#ネット']
212,"['#文学', '#文芸', '#純文学']"
213,"['#趣味', '#好き']"
214,"['#相談', '#質問']"
215,"['#思考', '#アウトプット', '#行動', '#マインド', '#インプット', '#対話', '#本質']"
216,['#今']
217,['#才能']
218,['#車']
219,"['#妊娠', '#出産']"
220,['#性格']
221,"['#京都', '#沖縄', '#北海道', '#鎌倉', '#奈良', '#新潟', '#長崎', '#熊本', '#鹿児島', '#高知', '#金沢', '#静岡', '#福島', '#岡山']"
222,['#ナイター']
223,['#水']
224,['#戦争']
225,"['#恋', '#友達', '#出会い', '#セックス', '#先生', '#いじめ', '#一人暮らし', '#デート', '#恋人', '#カップル', '#バイト', '#彼女', '#彼氏', '#上司', '#別れ', '#パワハラ', '#女', '#嘘', '#独身', '#居場所', '#セフレ', '#同棲', '#歯医者']"
226,['#自殺']
227,"['#心理学', '#哲学', '#英語学習', '#人生哲学', '#人生観', '#理学療法士', '#数学', '#西洋占星術', '#心理', '#考察コラム', '#詩のようなもの', '#自分の人生', '#脳科学', '#知恵袋_', '#英語勉強', '#私の不思議体験', '#科学', '#タロット占い', '#ジェンダー', '#MUPカレッジ', '#思考法', '#平成最後の夏', '#女性の生き方', '#今日の占い', '#英語教育', '#アドラー心理学', '#フェミニズム', '#思考の整理', '#人生論', '#宇宙の法則', '#作業療法士', '#機械学習', '#幼児教育', '#人生の生き方', '#プログラミング学習', '#再生核研究所', '#シェアハウス', '#語学留学', '#シェア大歓迎', '#トランスジェンダー', '#日本語教師', '#東洋医学', '#私の勝負曲', '#プログラミング教育', '#英語の勉強']"
228,"['#会社', '#企業']"
229,['#手術']
230,['#季節']
231,['#手紙']
232,['#インタビュー']
233,"['#気づき', '#気付き']"
234,['#努力']
235,['#応援']
236,['#薬']
237,"['#感謝', '#祈り']"
238,"['#知識', '#雑学', '#図解']"
239,"['#情報', '#お知らせ']"
240,"['#不動産', '#資産']"
241,"['#ワークショップ', '#セミナー', '#サークル', '#講座', '#勉強会']"
242,['#通勤']
243,"['#節約', '#稼ぐ']"
244,['#指導者']
245,['#舞台']
246,['#塾']
247,['#演奏']
248,['#運動']
249,['#成長']
